05,05002,ABEJORRAL
54,54003,ABREGO
05,05004,ABRIAQUÍ
50,50006,ACACÍAS
27,27006,ACANDÍ
41,41006,ACEVEDO
13,13006,ACHÍ
41,41013,AGRADO
25,25001,AGUA DE DIOS
20,20011,AGUACHICA
68,68013,AGUADA
17,17013,AGUADAS
85,85010,AGUAZUL
20,20013,AGUSTÍN CODAZZI
41,41016,AIPE
25,25019,ALBÁN
52,52019,ALBÁN
18,18029,ALBANIA
44,44035,ALBANIA
68,68020,ALBANIA
76,76020,ALCALÁ
52,52022,ALDANA
05,05021,ALEJANDRÍA
47,47030,ALGARROBO
41,41020,ALGECIRAS
19,19022,ALMAGUER
15,15022,ALMEIDA
73,73024,ALPUJARRA
41,41026,ALTAMIRA
27,27025,ALTO BAUDO
13,13030,ALTOS DEL ROSARIO
73,73026,ALVARADO
05,05030,AMAGÁ
05,05031,AMALFI
73,73030,AMBALEMA
25,25035,ANAPOIMA
52,52036,ANCUYÁ
76,76036,ANDALUCÍA
05,05034,ANDES
05,05036,ANGELÓPOLIS
05,05038,ANGOSTURA
25,25040,ANOLAIMA
05,05040,ANORÍ
17,17042,ANSERMA
76,76041,ANSERMANUEVO
05,05044,ANZA
73,73043,ANZOÁTEGUI
05,05045,APARTADÓ
66,66045,APÍA
25,25599,APULO
15,15047,AQUITANIA
47,47053,ARACATACA
17,17050,ARANZAZU
68,68051,ARATOCA
81,81001,ARAUCA
81,81065,ARAUQUITA
25,25053,ARBELÁEZ
52,52051,ARBOLEDA
54,54051,ARBOLEDAS
05,05051,ARBOLETES
15,15051,ARCABUCO
13,13042,ARENAL
05,05055,ARGELIA
19,19050,ARGELIA
76,76054,ARGELIA
47,47058,ARIGUANÍ
13,13052,ARJONA
05,05059,ARMENIA
63,63001,ARMENIA
73,73055,ARMERO
13,13062,ARROYOHONDO
20,20032,ASTREA
73,73067,ATACO
27,27050,ATRATO
23,23068,AYAPEL
27,27073,BAGADÓ
27,27075,BAHÍA SOLANO
27,27077,BAJO BAUDÓ
19,19075,BALBOA
66,66075,BALBOA
08,08078,BARANOA
41,41078,BARAYA
52,52079,BARBACOAS
05,05079,BARBOSA
68,68077,BARBOSA
68,68079,BARICHARA
50,50110,BARRANCA DE UPÍA
68,68081,BARRANCABERMEJA
44,44078,BARRANCAS
13,13074,BARRANCO DE LOBA
94,94343,BARRANCO MINAS
08,08001,BARRANQUILLA
20,20045,BECERRIL
17,17088,BELALCÁZAR
15,15087,BELÉN
52,52083,BELÉN
27,27086,BELÉN DE BAJIRÁ
18,18094,BELÉN DE LOS ANDAQUIES
66,66088,BELÉN DE UMBRÍA
05,05088,BELLO
05,05086,BELMIRA
25,25086,BELTRÁN
15,15090,BERBEO
05,05091,BETANIA
15,15092,BETÉITIVA
05,05093,BETULIA
68,68092,BETULIA
25,25095,BITUIMA
15,15097,BOAVITA
54,54099,BOCHALEMA
11,11001,BOGOTÁ D.C
25,25099,BOJACÁ
27,27099,BOJAYA
19,19100,BOLÍVAR
68,68101,BOLÍVAR
76,76100,BOLÍVAR
20,20060,BOSCONIA
15,15104,BOYACÁ
05,05107,BRICEÑO
15,15106,BRICEÑO
68,68001,BUCARAMANGA
54,54109,BUCARASICA
76,76109,BUENAVENTURA
15,15109,BUENAVISTA
23,23079,BUENAVISTA
63,63111,BUENAVISTA
70,70110,BUENAVISTA
19,19110,BUENOS AIRES
52,52110,BUESACO
76,76113,BUGALAGRANDE
05,05113,BURITICÁ
15,15114,BUSBANZÁ
25,25120,CABRERA
68,68121,CABRERA
50,50124,CABUYARO
94,94886,CACAHUAL
05,05120,CÁCERES
25,25123,CACHIPAY
54,54128,CACHIRÁ
54,54125,CÁCOTA
05,05125,CAICEDO
76,76122,CAICEDONIA
70,70124,CAIMITO
73,73124,CAJAMARCA
19,19130,CAJIBÍO
25,25126,CAJICÁ
13,13140,CALAMAR
95,95015,CALAMAR
63,63130,CALARCA
05,05129,CALDAS
15,15131,CALDAS
19,19137,CALDONO
76,76001,CALI
68,68132,CALIFORNIA
76,76126,CALIMA
19,19142,CALOTO
05,05134,CAMPAMENTO
08,08137,CAMPO DE LA CRUZ
41,41132,CAMPOALEGRE
15,15135,CAMPOHERMOSO
23,23090,CANALETE
08,08141,CANDELARIA
76,76130,CANDELARIA
13,13160,CANTAGALLO
05,05138,CAÑASGORDAS
25,25148,CAPARRAPÍ
68,68147,CAPITANEJO
25,25151,CAQUEZA
05,05142,CARACOLÍ
05,05145,CARAMANTA
68,68152,CARCASÍ
05,05147,CAREPA
73,73148,CARMEN DE APICALÁ
25,25154,CARMEN DE CARUPA
27,27150,CARMEN DEL DARIEN
05,05150,CAROLINA
13,13001,CARTAGENA
18,18150,CARTAGENA DEL CHAIRÁ
76,76147,CARTAGO
97,97161,CARURU
73,73152,CASABIANCA
50,50150,CASTILLA LA NUEVA
05,05154,CAUCASIA
68,68160,CEPITÁ
23,23162,CERETÉ
15,15162,CERINZA
68,68162,CERRITO
47,47161,CERRO SAN ANTONIO
27,27160,CÉRTEGUI
52,52240,CHACHAGÜÍ
25,25168,CHAGUANÍ
70,70230,CHALÁN
85,85015,CHAMEZA
73,73168,CHAPARRAL
68,68167,CHARALÁ
68,68169,CHARTA
25,25175,CHÍA
47,47170,CHIBOLO
05,05172,CHIGORODÓ
68,68176,CHIMA
23,23168,CHIMÁ
20,20175,CHIMICHAGUA
54,54172,CHINÁCOTA
15,15172,CHINAVITA
17,17174,CHINCHINÁ
23,23182,CHINÚ
25,25178,CHIPAQUE
68,68179,CHIPATÁ
15,15176,CHIQUINQUIRÁ
15,15232,CHÍQUIZA
20,20178,CHIRIGUANÁ
15,15180,CHISCAS
15,15183,CHITA
54,54174,CHITAGÁ
15,15185,CHITARAQUE
15,15187,CHIVATÁ
15,15236,CHIVOR
25,25181,CHOACHÍ
25,25183,CHOCONTÁ
13,13188,CICUCO
47,47189,CIÉNAGA
23,23189,CIÉNAGA DE ORO
15,15189,CIÉNEGA
68,68190,CIMITARRA
63,63190,CIRCASIA
05,05190,CISNEROS
05,05101,CIUDAD BOLÍVAR
13,13222,CLEMENCIA
05,05197,COCORNÁ
73,73200,COELLO
25,25200,COGUA
41,41206,COLOMBIA
52,52203,COLÓN
86,86219,COLÓN
70,70204,COLOSO
15,15204,CÓMBITA
05,05206,CONCEPCIÓN
68,68207,CONCEPCIÓN
05,05209,CONCORDIA
47,47205,CONCORDIA
27,27205,CONDOTO
68,68209,CONFINES
52,52207,CONSACA
52,52210,CONTADERO
68,68211,CONTRATACIÓN
54,54206,CONVENCIÓN
05,05212,COPACABANA
15,15212,COPER
13,13212,CÓRDOBA
52,52215,CÓRDOBA
63,63212,CÓRDOBA
19,19212,CORINTO
68,68217,COROMORO
70,70215,COROZAL
15,15215,CORRALES
25,25214,COTA
23,23300,COTORRA
15,15218,COVARACHÍA
70,70221,COVEÑAS
73,73217,COYAIMA
81,81220,CRAVO NORTE
52,52224,CUASPUD
15,15223,CUBARÁ
50,50223,CUBARRAL
15,15224,CUCAITA
25,25224,CUCUNUBÁ
54,54001,CÚCUTA
54,54223,CUCUTILLA
15,15226,CUÍTIVA
50,50226,CUMARAL
99,99773,CUMARIBO
52,52227,CUMBAL
52,52233,CUMBITARA
73,73226,CUNDAY
18,18205,CURILLO
68,68229,CURITÍ
20,20228,CURUMANÍ
05,05234,DABEIBA
76,76233,DAGUA
44,44090,DIBULLA
44,44098,DISTRACCIÓN
73,73236,DOLORES
05,05237,DON MATÍAS
66,66170,DOSQUEBRADAS
15,15238,DUITAMA
54,54239,DURANIA
05,05240,EBÉJICO
76,76243,EL ÁGUILA
05,05250,EL BAGRE
47,47245,EL BANCO
76,76246,EL CAIRO
50,50245,EL CALVARIO
27,27135,EL CANTÓN DEL SAN PABLO
54,54245,EL CARMEN
27,27245,EL CARMEN DE ATRATO
13,13244,EL CARMEN DE BOLÍVAR
68,68235,EL CARMEN DE CHUCURÍ
05,05148,EL CARMEN DE VIBORAL
50,50251,EL CASTILLO
76,76248,EL CERRITO
52,52250,EL CHARCO
15,15244,EL COCUY
25,25245,EL COLEGIO
20,20238,EL COPEY
18,18247,EL DONCELLO
50,50270,EL DORADO
76,76250,EL DOVIO
91,91263,EL ENCANTO
15,15248,EL ESPINO
68,68245,EL GUACAMAYO
13,13248,EL GUAMO
27,27250,EL LITORAL DEL SAN JUAN
44,44110,EL MOLINO
20,20250,EL PASO
18,18256,EL PAUJIL
52,52254,EL PEÑOL
13,13268,EL PEÑÓN
25,25258,EL PEÑÓN
68,68250,EL PEÑÓN
47,47258,EL PIÑON
68,68255,EL PLAYÓN
47,47268,EL RETÉN
95,95025,EL RETORNO
70,70233,EL ROBLE
25,25260,EL ROSAL
52,52256,EL ROSARIO
05,05697,EL SANTUARIO
52,52258,EL TABLÓN DE GÓMEZ
19,19256,EL TAMBO
52,52260,EL TAMBO
54,54250,EL TARRA
54,54261,EL ZULIA
41,41244,ELÍAS
68,68264,ENCINO
68,68266,ENCISO
05,05264,ENTRERRIOS
05,05266,ENVIGADO
73,73268,ESPINAL
25,25269,FACATATIVÁ
73,73270,FALAN
17,17272,FILADELFIA
63,63272,FILANDIA
15,15272,FIRAVITOBA
73,73275,FLANDES
18,18001,FLORENCIA
19,19290,FLORENCIA
15,15276,FLORESTA
68,68271,FLORIÁN
76,76275,FLORIDA
68,68276,FLORIDABLANCA
25,25279,FOMEQUE
44,44279,FONSECA
81,81300,FORTUL
25,25281,FOSCA
52,52520,FRANCISCO PIZARRO
05,05282,FREDONIA
73,73283,FRESNO
05,05284,FRONTINO
50,50287,FUENTE DE ORO
47,47288,FUNDACIÓN
52,52287,FUNES
25,25286,FUNZA
25,25288,FÚQUENE
25,25290,FUSAGASUGÁ
25,25293,GACHALA
25,25295,GACHANCIPÁ
15,15293,GACHANTIVÁ
25,25297,GACHETÁ
68,68296,GALÁN
08,08296,GALAPA
70,70235,GALERAS
25,25299,GAMA
20,20295,GAMARRA
68,68298,GAMBITA
15,15296,GAMEZA
15,15299,GARAGOA
41,41298,GARZÓN
63,63302,GÉNOVA
41,41306,GIGANTE
76,76306,GINEBRA
05,05306,GIRALDO
25,25307,GIRARDOT
05,05308,GIRARDOTA
68,68307,GIRÓN
05,05310,GÓMEZ PLATA
20,20310,GONZÁLEZ
54,54313,GRAMALOTE
05,05313,GRANADA
25,25312,GRANADA
50,50313,GRANADA
68,68318,GUACA
15,15317,GUACAMAYAS
76,76318,GUACARÍ
25,25317,GUACHETÁ
52,52317,GUACHUCAL
76,76111,GUADALAJARA DE BUGA
05,05315,GUADALUPE
41,41319,GUADALUPE
68,68320,GUADALUPE
25,25320,GUADUAS
52,52320,GUAITARILLA
52,52323,GUALMATÁN
47,47318,GUAMAL
50,50318,GUAMAL
73,73319,GUAMO
19,19318,GUAPI
68,68322,GUAPOTÁ
70,70265,GUARANDA
05,05318,GUARNE
25,25322,GUASCA
05,05321,GUATAPE
25,25324,GUATAQUÍ
25,25326,GUATAVITA
15,15322,GUATEQUE
66,66318,GUÁTICA
68,68324,GUAVATÁ
25,25328,GUAYABAL DE SIQUIMA
25,25335,GUAYABETAL
15,15325,GUAYATÁ
68,68327,GÜEPSA
15,15332,GÜICÁN
25,25339,GUTIÉRREZ
54,54344,HACARÍ
13,13300,HATILLO DE LOBA
68,68344,HATO
85,85125,HATO COROZAL
44,44378,HATONUEVO
05,05347,HELICONIA
54,54347,HERRÁN
73,73347,HERVEO
05,05353,HISPANIA
41,41349,HOBO
73,73349,HONDA
73,73001,IBAGUÉ
73,73352,ICONONZO
52,52352,ILES
52,52354,IMUÉS
94,94001,INÍRIDA
19,19355,INZÁ
52,52356,IPIALES
41,41357,IQUIRA
41,41359,ISNOS
27,27361,ISTMINA
05,05360,ITAGUI
05,05361,ITUANGO
15,15362,IZA
19,19364,JAMBALÓ
76,76364,JAMUNDÍ
05,05364,JARDÍN
15,15367,JENESANO
05,05368,JERICÓ
15,15368,JERICÓ
25,25368,JERUSALÉN
68,68368,JESÚS MARÍA
68,68370,JORDÁN
08,08372,JUAN DE ACOSTA
25,25372,JUNÍN
27,27372,JURADÓ
23,23350,LA APARTADA
41,41378,LA ARGENTINA
68,68377,LA BELLEZA
25,25377,LA CALERA
15,15380,LA CAPILLA
05,05376,LA CEJA
66,66383,LA CELIA
91,91405,LA CHORRERA
52,52378,LA CRUZ
76,76377,LA CUMBRE
17,17380,LA DORADA
54,54385,LA ESPERANZA
05,05380,LA ESTRELLA
52,52381,LA FLORIDA
20,20383,LA GLORIA
94,94885,LA GUADALUPE
20,20400,LA JAGUA DE IBIRICO
44,44420,LA JAGUA DEL PILAR
52,52385,LA LLANADA
50,50350,LA MACARENA
17,17388,LA MERCED
25,25386,LA MESA
18,18410,LA MONTAÑITA
25,25394,LA PALMA
20,20621,LA PAZ
68,68397,LA PAZ
91,91407,LA PEDRERA
25,25398,LA PEÑA
05,05390,LA PINTADA
41,41396,LA PLATA
54,54398,LA PLAYA
99,99524,LA PRIMAVERA
85,85136,LA SALINA
19,19392,LA SIERRA
63,63401,LA TEBAIDA
52,52390,LA TOLA
05,05400,LA UNIÓN
52,52399,LA UNIÓN
70,70400,LA UNIÓN
76,76400,LA UNIÓN
15,15403,LA UVITA
19,19397,LA VEGA
25,25402,LA VEGA
15,15401,LA VICTORIA
76,76403,LA VICTORIA
91,91430,LA VICTORIA
66,66400,LA VIRGINIA
54,54377,LABATECA
15,15377,LABRANZAGRANDE
68,68385,LANDÁZURI
68,68406,LEBRÍJA
86,86573,LEGUÍZAMO
52,52405,LEIVA
50,50400,LEJANÍAS
25,25407,LENGUAZAQUE
73,73408,LÉRIDA
91,91001,LETICIA
73,73411,LÍBANO
05,05411,LIBORINA
52,52411,LINARES
27,27413,LLORÓ
19,19418,LÓPEZ
23,23417,LORICA
52,52418,LOS ANDES
23,23419,LOS CÓRDOBAS
70,70418,LOS PALMITOS
54,54405,LOS PATIOS
68,68418,LOS SANTOS
54,54418,LOURDES
08,08421,LURUACO
15,15425,MACANAL
68,68425,MACARAVITA
05,05425,MACEO
25,25426,MACHETA
25,25430,MADRID
13,13430,MAGANGUÉ
52,52427,MAGÜI
13,13433,MAHATES
44,44430,MAICAO
70,70429,MAJAGUAL
68,68432,MÁLAGA
08,08433,MALAMBO
52,52435,MALLAMA
08,08436,MANATÍ
20,20443,MANAURE
44,44560,MANAURE
85,85139,MANÍ
17,17001,MANIZALES
25,25436,MANTA
17,17433,MANZANARES
50,50325,MAPIRIPÁN
94,94663,MAPIRIPANA
13,13440,MARGARITA
13,13442,MARÍA LA BAJA
05,05440,MARINILLA
15,15442,MARIPÍ
73,73443,MARIQUITA
17,17442,MARMATO
17,17444,MARQUETALIA
66,66440,MARSELLA
17,17446,MARULANDA
68,68444,MATANZA
05,05001,MEDELLÍN
25,25438,MEDINA
27,27425,MEDIO ATRATO
27,27430,MEDIO BAUDÓ
27,27450,MEDIO SAN JUAN
73,73449,MELGAR
19,19450,MERCADERES
50,50330,MESETAS
18,18460,MILÁN
15,15455,MIRAFLORES
95,95200,MIRAFLORES
19,19455,MIRANDA
91,91460,MIRITI - PARANÁ
66,66456,MISTRATÓ
97,97001,MITÚ
86,86001,MOCOA
68,68464,MOGOTES
68,68468,MOLAGAVITA
23,23464,MOMIL
13,13468,MOMPÓS
15,15464,MONGUA
15,15466,MONGUÍ
15,15469,MONIQUIRÁ
05,05467,MONTEBELLO
13,13458,MONTECRISTO
23,23466,MONTELÍBANO
63,63470,MONTENEGRO
23,23001,MONTERÍA
85,85162,MONTERREY
23,23500,MOÑITOS
13,13473,MORALES
19,19473,MORALES
18,18479,MORELIA
94,94888,MORICHAL
70,70473,MORROA
25,25473,MOSQUERA
52,52473,MOSQUERA
15,15476,MOTAVITA
73,73461,MURILLO
05,05475,MURINDÓ
05,05480,MUTATÁ
54,54480,MUTISCUA
15,15480,MUZO
05,05483,NARIÑO
25,25483,NARIÑO
52,52480,NARIÑO
41,41483,NÁTAGA
73,73483,NATAGAIMA
05,05495,NECHÍ
05,05490,NECOCLÍ
17,17486,NEIRA
41,41001,NEIVA
25,25486,NEMOCÓN
25,25488,NILO
25,25489,NIMAIMA
15,15491,NOBSA
25,25491,NOCAIMA
17,17495,NORCASIA
27,27491,NÓVITA
47,47460,NUEVA GRANADA
15,15494,NUEVO COLÓN
85,85225,NUNCHÍA
27,27495,NUQUÍ
76,76497,OBANDO
68,68498,OCAMONTE
54,54498,OCAÑA
68,68500,OIBA
15,15500,OICATÁ
05,05501,OLAYA
52,52490,OLAYA HERRERA
68,68502,ONZAGA
41,41503,OPORAPA
86,86320,ORITO
85,85230,OROCUÉ
73,73504,ORTEGA
52,52506,OSPINA
15,15507,OTANCHE
70,70508,OVEJAS
15,15511,PACHAVITA
25,25513,PACHO
97,97511,PACOA
17,17513,PÁCORA
19,19513,PADILLA
19,19517,PAEZ
15,15514,PÁEZ
41,41518,PAICOL
20,20517,PAILITAS
25,25518,PAIME
15,15516,PAIPA
15,15518,PAJARITO
41,41524,PALERMO
17,17524,PALESTINA
41,41530,PALESTINA
68,68522,PALMAR
08,08520,PALMAR DE VARELA
68,68524,PALMAS DEL SOCORRO
76,76520,PALMIRA
70,70523,PALMITO
73,73520,PALOCABILDO
54,54518,PAMPLONA
54,54520,PAMPLONITA
94,94887,PANA PANA
25,25524,PANDI
15,15522,PANQUEBA
97,97777,PAPUNAUA
68,68533,PÁRAMO
25,25530,PARATEBUENO
25,25535,PASCA
52,52001,PASTO
19,19532,PATÍA
15,15531,PAUNA
15,15533,PAYA
85,85250,PAZ DE ARIPORO
15,15537,PAZ DE RÍO
47,47541,PEDRAZA
20,20550,PELAYA
17,17541,PENSILVANIA
05,05541,PEÑOL
05,05543,PEQUE
66,66001,PEREIRA
15,15542,PESCA
19,19533,PIAMONTE
68,68547,PIEDECUESTA
73,73547,PIEDRAS
19,19548,PIENDAMÓ
63,63548,PIJAO
47,47545,PIJIÑO DEL CARMEN
68,68549,PINCHOTE
13,13549,PINILLOS
08,08549,PIOJÓ
15,15550,PISBA
41,41548,PITAL
41,41551,PITALITO
47,47551,PIVIJAY
73,73555,PLANADAS
23,23555,PLANETA RICA
47,47555,PLATO
52,52540,POLICARPA
08,08558,POLONUEVO
08,08560,PONEDERA
19,19001,POPAYÁN
85,85263,PORE
52,52560,POTOSÍ
76,76563,PRADERA
73,73563,PRADO
52,52565,PROVIDENCIA
88,88564,PROVIDENCIA
20,20570,PUEBLO BELLO
23,23570,PUEBLO NUEVO
66,66572,PUEBLO RICO
05,05576,PUEBLORRICO
47,47570,PUEBLOVIEJO
68,68572,PUENTE NACIONAL
52,52573,PUERRES
91,91530,PUERTO ALEGRÍA
91,91536,PUERTO ARICA
86,86568,PUERTO ASÍS
05,05579,PUERTO BERRÍO
15,15572,PUERTO BOYACÁ
86,86569,PUERTO CAICEDO
99,99001,PUERTO CARREÑO
08,08573,PUERTO COLOMBIA
94,94884,PUERTO COLOMBIA
50,50450,PUERTO CONCORDIA
23,23574,PUERTO ESCONDIDO
50,50568,PUERTO GAITÁN
86,86571,PUERTO GUZMÁN
23,23580,PUERTO LIBERTADOR
50,50577,PUERTO LLERAS
50,50573,PUERTO LÓPEZ
05,05585,PUERTO NARE
91,91540,PUERTO NARIÑO
68,68573,PUERTO PARRA
18,18592,PUERTO RICO
50,50590,PUERTO RICO
81,81591,PUERTO RONDÓN
25,25572,PUERTO SALGAR
54,54553,PUERTO SANTANDER
91,91669,PUERTO SANTANDER
19,19573,PUERTO TEJADA
05,05591,PUERTO TRIUNFO
68,68575,PUERTO WILCHES
25,25580,PULÍ
52,52585,PUPIALES
19,19585,PURACÉ
73,73585,PURIFICACIÓN
23,23586,PURÍSIMA
25,25592,QUEBRADANEGRA
25,25594,QUETAME
27,27001,QUIBDÓ
63,63594,QUIMBAYA
66,66594,QUINCHÍA
15,15580,QUÍPAMA
25,25596,QUIPILE
54,54599,RAGONVALIA
15,15599,RAMIRIQUÍ
15,15600,RÁQUIRA
85,85279,RECETOR
13,13580,REGIDOR
05,05604,REMEDIOS
47,47605,REMOLINO
08,08606,REPELÓN
50,50606,RESTREPO
76,76606,RESTREPO
05,05607,RETIRO
25,25612,RICAURTE
52,52612,RICAURTE
20,20614,RÍO DE ORO
27,27580,RÍO IRO
27,27600,RÍO QUITO
13,13600,RÍO VIEJO
73,73616,RIOBLANCO
76,76616,RIOFRÍO
44,44001,RIOHACHA
05,05615,RIONEGRO
68,68615,RIONEGRO
17,17614,RIOSUCIO
27,27615,RIOSUCIO
17,17616,RISARALDA
41,41615,RIVERA
52,52621,ROBERTO PAYÁN
76,76622,ROLDANILLO
73,73622,RONCESVALLES
15,15621,RONDÓN
19,19622,ROSAS
73,73624,ROVIRA
68,68655,SABANA DE TORRES
08,08634,SABANAGRANDE
05,05628,SABANALARGA
08,08638,SABANALARGA
85,85300,SABANALARGA
47,47660,SABANAS DE SAN ANGEL
05,05631,SABANETA
15,15632,SABOYÁ
85,85315,SÁCAMA
15,15638,SÁCHICA
23,23660,SAHAGÚN
41,41660,SALADOBLANCO
17,17653,SALAMINA
47,47675,SALAMINA
54,54660,SALAZAR
73,73671,SALDAÑA
63,63690,SALENTO
05,05642,SALGAR
15,15646,SAMACÁ
17,17662,SAMANÁ
52,52678,SAMANIEGO
70,70670,SAMPUÉS
41,41668,SAN AGUSTÍN
20,20710,SAN ALBERTO
05,05647,SAN ANDRÉS
68,68669,SAN ANDRÉS
88,88001,SAN ANDRÉS
23,23670,SAN ANDRÉS SOTAVENTO
23,23672,SAN ANTERO
73,73675,SAN ANTONIO
25,25645,SAN ANTONIO DEL TEQUENDAMA
68,68673,SAN BENITO
70,70678,SAN BENITO ABAD
25,25649,SAN BERNARDO
52,52685,SAN BERNARDO
23,23675,SAN BERNARDO DEL VIENTO
54,54670,SAN CALIXTO
05,05649,SAN CARLOS
23,23678,SAN CARLOS
50,50680,SAN CARLOS DE GUAROA
25,25653,SAN CAYETANO
54,54673,SAN CAYETANO
13,13620,SAN CRISTÓBAL
20,20750,SAN DIEGO
15,15660,SAN EDUARDO
13,13647,SAN ESTANISLAO
94,94883,SAN FELIPE
13,13650,SAN FERNANDO
05,05652,SAN FRANCISCO
25,25658,SAN FRANCISCO
86,86755,SAN FRANCISCO
68,68679,SAN GIL
13,13654,SAN JACINTO
13,13655,SAN JACINTO DEL CAUCA
05,05656,SAN JERÓNIMO
68,68682,SAN JOAQUÍN
17,17665,SAN JOSÉ
05,05658,SAN JOSÉ DE LA MONTAÑA
68,68684,SAN JOSÉ DE MIRANDA
15,15664,SAN JOSÉ DE PARE
18,18610,SAN JOSÉ DEL FRAGUA
95,95001,SAN JOSÉ DEL GUAVIARE
27,27660,SAN JOSÉ DEL PALMAR
50,50683,SAN JUAN DE ARAMA
70,70702,SAN JUAN DE BETULIA
25,25662,SAN JUAN DE RÍO SECO
05,05659,SAN JUAN DE URABÁ
44,44650,SAN JUAN DEL CESAR
13,13657,SAN JUAN NEPOMUCENO
50,50686,SAN JUANITO
52,52687,SAN LORENZO
05,05660,SAN LUIS
73,73678,SAN LUIS
15,15667,SAN LUIS DE GACENO
85,85325,SAN LUIS DE PALENQUE
70,70708,SAN MARCOS
20,20770,SAN MARTÍN
50,50689,SAN MARTÍN
13,13667,SAN MARTÍN DE LOBA
15,15673,SAN MATEO
68,68686,SAN MIGUEL
86,86757,SAN MIGUEL
15,15676,SAN MIGUEL DE SEMA
70,70713,SAN ONOFRE
13,13670,SAN PABLO
52,52693,SAN PABLO
15,15681,SAN PABLO DE BORBUR
05,05664,SAN PEDRO
70,70717,SAN PEDRO
76,76670,SAN PEDRO
52,52694,SAN PEDRO DE CARTAGO
05,05665,SAN PEDRO DE URABA
23,23686,SAN PELAYO
05,05667,SAN RAFAEL
05,05670,SAN ROQUE
19,19693,SAN SEBASTIÁN
47,47692,SAN SEBASTIÁN DE BUENAVISTA
05,05674,SAN VICENTE
68,68689,SAN VICENTE DE CHUCURÍ
18,18753,SAN VICENTE DEL CAGUÁN
47,47703,SAN ZENÓN
52,52683,SANDONÁ
47,47707,SANTA ANA
05,05679,SANTA BÁRBARA
52,52696,SANTA BÁRBARA
68,68705,SANTA BÁRBARA
47,47720,SANTA BÁRBARA DE PINTO
13,13673,SANTA CATALINA
68,68720,SANTA HELENA DEL OPÓN
73,73686,SANTA ISABEL
08,08675,SANTA LUCÍA
15,15690,SANTA MARÍA
41,41676,SANTA MARÍA
47,47001,SANTA MARTA
13,13683,SANTA ROSA
19,19701,SANTA ROSA
66,66682,SANTA ROSA DE CABAL
05,05686,SANTA ROSA DE OSOS
15,15693,SANTA ROSA DE VITERBO
13,13688,SANTA ROSA DEL SUR
99,99624,SANTA ROSALÍA
15,15696,SANTA SOFÍA
52,52699,SANTACRUZ
05,05042,SANTAFÉ DE ANTIOQUIA
15,15686,SANTANA
19,19698,SANTANDER DE QUILICHAO
54,54680,SANTIAGO
86,86760,SANTIAGO
70,70820,SANTIAGO DE TOLÚ
05,05690,SANTO DOMINGO
08,08685,SANTO TOMÁS
66,66687,SANTUARIO
52,52720,SAPUYES
81,81736,SARAVENA
54,54720,SARDINATA
25,25718,SASAIMA
15,15720,SATIVANORTE
15,15723,SATIVASUR
05,05736,SEGOVIA
25,25736,SESQUILÉ
76,76736,SEVILLA
15,15740,SIACHOQUE
25,25740,SIBATÉ
86,86749,SIBUNDOY
54,54743,SILOS
25,25743,SILVANIA
19,19743,SILVIA
68,68745,SIMACOTA
25,25745,SIMIJACA
13,13744,SIMITÍ
70,70742,SINCÉ
70,70001,SINCELEJO
27,27745,SIPÍ
47,47745,SITIONUEVO
25,25754,SOACHA
15,15753,SOATÁ
15,15757,SOCHA
68,68755,SOCORRO
15,15755,SOCOTÁ
15,15759,SOGAMOSO
18,18756,SOLANO
08,08758,SOLEDAD
18,18785,SOLITA
15,15761,SOMONDOCO
05,05756,SONSON
05,05761,SOPETRÁN
13,13760,SOPLAVIENTO
25,25758,SOPÓ
15,15762,SORA
15,15764,SORACÁ
15,15763,SOTAQUIRÁ
19,19760,SOTARA
68,68770,SUAITA
08,08770,SUAN
19,19780,SUÁREZ
73,73770,SUÁREZ
41,41770,SUAZA
25,25769,SUBACHOQUE
19,19785,SUCRE
68,68773,SUCRE
70,70771,SUCRE
25,25772,SUESCA
25,25777,SUPATÁ
17,17777,SUPÍA
68,68780,SURATÁ
25,25779,SUSA
15,15774,SUSACÓN
15,15776,SUTAMARCHÁN
25,25781,SUTATAUSA
15,15778,SUTATENZA
25,25785,TABIO
27,27787,TADÓ
13,13780,TALAIGUA NUEVO
20,20787,TAMALAMEQUE
85,85400,TÁMARA
81,81794,TAME
05,05789,TÁMESIS
52,52786,TAMINANGO
52,52788,TANGUA
97,97666,TARAIRA
91,91798,TARAPACÁ
05,05790,TARAZÁ
41,41791,TARQUI
05,05792,TARSO
15,15790,TASCO
85,85410,TAURAMENA
25,25793,TAUSA
41,41799,TELLO
25,25797,TENA
47,47798,TENERIFE
25,25799,TENJO
15,15798,TENZA
54,54800,TEORAMA
41,41801,TERUEL
41,41797,TESALIA
25,25805,TIBACUY
15,15804,TIBANÁ
15,15806,TIBASOSA
25,25807,TIBIRITA
54,54810,TIBÚ
23,23807,TIERRALTA
41,41807,TIMANÁ
19,19807,TIMBÍO
19,19809,TIMBIQUÍ
15,15808,TINJACÁ
15,15810,TIPACOQUE
13,13810,TIQUISIO
05,05809,TITIRIBÍ
15,15814,TOCA
25,25815,TOCAIMA
25,25817,TOCANCIPÁ
15,15816,TOGÜÍ
05,05819,TOLEDO
54,54820,TOLEDO
70,70823,TOLÚ VIEJO
68,68820,TONA
15,15820,TÓPAGA
25,25823,TOPAIPÍ
19,19821,TORIBIO
76,76823,TORO
15,15822,TOTA
19,19824,TOTORÓ
85,85430,TRINIDAD
76,76828,TRUJILLO
08,08832,TUBARÁ
76,76834,TULUÁ
52,52835,TUMACO
15,15001,TUNJA
15,15832,TUNUNGUÁ
52,52838,TÚQUERRES
13,13836,TURBACO
13,13838,TURBANÁ
05,05837,TURBO
15,15835,TURMEQUÉ
15,15837,TUTA
15,15839,TUTAZÁ
25,25839,UBALÁ
25,25841,UBAQUE
76,76845,ULLOA
15,15842,UMBITA
25,25845,UNE
27,27800,UNGUÍA
27,27810,UNIÓN PANAMERICANA
05,05842,URAMITA
50,50370,URIBE
44,44847,URIBIA
05,05847,URRAO
44,44855,URUMITA
08,08849,USIACURÍ
25,25851,ÚTICA
05,05854,VALDIVIA
23,23855,VALENCIA
68,68855,VALLE DE SAN JOSÉ
73,73854,VALLE DE SAN JUAN
86,86865,VALLE DEL GUAMUEZ
20,20001,VALLEDUPAR
05,05856,VALPARAÍSO
18,18860,VALPARAÍSO
05,05858,VEGACHÍ
68,68861,VÉLEZ
73,73861,VENADILLO
05,05861,VENECIA
25,25506,VENECIA
15,15861,VENTAQUEMADA
25,25862,VERGARA
76,76863,VERSALLES
68,68867,VETAS
25,25867,VIANÍ
17,17867,VICTORIA
05,05873,VIGÍA DEL FUERTE
76,76869,VIJES
54,54871,VILLA CARO
15,15407,VILLA DE LEYVA
25,25843,VILLA DE SAN DIEGO DE UBATE
54,54874,VILLA DEL ROSARIO
19,19845,VILLA RICA
86,86885,VILLAGARZÓN
25,25871,VILLAGÓMEZ
73,73870,VILLAHERMOSA
17,17873,VILLAMARÍA
13,13873,VILLANUEVA
44,44874,VILLANUEVA
68,68872,VILLANUEVA
85,85440,VILLANUEVA
25,25873,VILLAPINZÓN
73,73873,VILLARRICA
50,50001,VILLAVICENCIO
41,41872,VILLAVIEJA
25,25875,VILLETA
25,25878,VIOTÁ
15,15879,VIRACACHÁ
50,50711,VISTAHERMOSA
17,17877,VITERBO
25,25885,YACOPÍ
52,52885,YACUANQUER
41,41885,YAGUARÁ
05,05885,YALÍ
05,05887,YARUMAL
97,97889,YAVARATÉ
05,05890,YOLOMBÓ
05,05893,YONDÓ
85,85001,YOPAL
76,76890,YOTOCO
76,76892,YUMBO
13,13894,ZAMBRANO
68,68895,ZAPATOCA
47,47960,ZAPAYÁN
05,05895,ZARAGOZA
76,76895,ZARZAL
15,15897,ZETAQUIRA
25,25898,ZIPACÓN
25,25899,ZIPAQUIRÁ
47,47980,ZONA BANANERA
